name,language,langVer,framework,frameworkVer
"Web Application", "C#", "8.0", ".NET Framework", "4.8"
"Web Application", "Java", "11", "Spring", "5.3"
"Web Application", "Node.js", "14", "Express", "4.17"
"Mobile Application", "Swift", "5.3", "UIKit", "14.0"
"Mobile Application", "Kotlin", "1.4", "Android SDK", "30"
"Desktop Application", "C++", "17", "Qt", "5.15"
"Desktop Application", "Java", "11", "JavaFX", "15"
"API", "Python", "3.8", "Flask", "1.1"
"API", "Go", "1.15", "Gin", "1.6"
"Microservices", "Java", "11", "Spring Boot", "2.4"
"Microservices", "Node.js", "14", "Express", "4.17"
"Microservices", "Go", "1.15", "Gin", "1.6"
"Legacy Application", "C#", "6.0", ".NET Framework", "4.0"
"Legacy Application", "Java", "8", "Spring", "4.3"
"Legacy Application", "C++", "11", "MFC", "9.0"