name,include,effort,target,reportFilename,language,langVer,framework,frameworkVer,properties
Enterprise Resource Planning (SAP),1,24,AKS,erp-sap-assessment.html,Java,8,Spring,4.3,"{""Criticality"":1,""IsCustomerFacing"":false,""IsRevenueGenerating"":true,""SourceCodeAvailable"":false,""ActiveDevelopment"":false}"
Customer Portal,1,14,ACA,customer-portal-assessment.html,C#,10,.NET,6.0,"{""Criticality"":2,""IsCustomerFacing"":true,""IsRevenueGenerating"":true,""SourceCodeAvailable"":true,""ActiveDevelopment"":true}"
HR Self-Service,1,4,AppService,hr-self-service-assessment.html,Java,11,Spring Boot,2.7,"{""Criticality"":5,""IsCustomerFacing"":false,""IsRevenueGenerating"":false,""SourceCodeAvailable"":true,""ActiveDevelopment"":false}"
Payment Gateway,1,39,AKS,payment-gateway-assessment.html,Java,17,Spring Boot,3.1,"{""Criticality"":1,""IsCustomerFacing"":true,""IsRevenueGenerating"":true,""SourceCodeAvailable"":true,""ActiveDevelopment"":true}"
Inventory Management System,1,12,AKS,inventory-mgmt-assessment.html,C#,7.3,.NET Framework,4.8,"{""Criticality"":3,""IsCustomerFacing"":false,""IsRevenueGenerating"":true,""SourceCodeAvailable"":true,""ActiveDevelopment"":false}"
Internal Wiki & Knowledge Base,0,3,AppService,wiki-kb-assessment.html,Java,8,Spring,4.3,"{""Criticality"":5,""IsCustomerFacing"":false,""IsRevenueGenerating"":false,""SourceCodeAvailable"":false,""ActiveDevelopment"":false}"
Claims Processing Engine,1,38,ACA,claims-processing-assessment.html,C#,7.3,.NET Framework,4.8,"{""Criticality"":4,""IsCustomerFacing"":false,""IsRevenueGenerating"":true,""SourceCodeAvailable"":true,""ActiveDevelopment"":true}"
Mobile Banking App,1,28,AKS,mobile-banking-assessment.html,Java,17,Spring Boot,3.1,"{""Criticality"":2,""IsCustomerFacing"":true,""IsRevenueGenerating"":true,""SourceCodeAvailable"":true,""ActiveDevelopment"":true}"
Mainframe Batch Scheduler,1,21,AKS,mainframe-batch-assessment.html,Java,8,,,"{""Criticality"":2,""IsCustomerFacing"":false,""IsRevenueGenerating"":false,""SourceCodeAvailable"":false,""ActiveDevelopment"":false}"
Employee Onboarding Portal,1,5,ACA,onboarding-portal-assessment.html,C#,12,.NET,8.0,"{""Criticality"":5,""IsCustomerFacing"":false,""IsRevenueGenerating"":false,""SourceCodeAvailable"":true,""ActiveDevelopment"":true}"
Product Catalog API,1,16,ACA,product-catalog-assessment.html,Java,11,Spring Boot,2.7,"{""Criticality"":3,""IsCustomerFacing"":true,""IsRevenueGenerating"":true,""SourceCodeAvailable"":true,""ActiveDevelopment"":true}"
Legacy CRM (On-Prem),1,23,AppService,legacy-crm-assessment.html,C#,7.3,.NET Framework,4.8,"{""Criticality"":3,""IsCustomerFacing"":false,""IsRevenueGenerating"":true,""SourceCodeAvailable"":false,""ActiveDevelopment"":false}"
Compliance Reporting Dashboard,1,16,AppService,compliance-dashboard-assessment.html,C#,10,.NET,6.0,"{""Criticality"":4,""IsCustomerFacing"":false,""IsRevenueGenerating"":false,""SourceCodeAvailable"":true,""ActiveDevelopment"":true}"
Dealer Management System,1,22,AKS,dealer-mgmt-assessment.html,Java,11,Spring Boot,2.7,"{""Criticality"":3,""IsCustomerFacing"":true,""IsRevenueGenerating"":true,""SourceCodeAvailable"":true,""ActiveDevelopment"":false}"
Internal Ticketing System,0,7,AppService,ticketing-system-assessment.html,C#,7.3,.NET Framework,4.8,"{""Criticality"":3,""IsCustomerFacing"":false,""IsRevenueGenerating"":false,""SourceCodeAvailable"":true,""ActiveDevelopment"":false}"
Supply Chain Visibility Platform,1,40,AKS,supply-chain-assessment.html,Java,17,Spring Boot,3.1,"{""Criticality"":2,""IsCustomerFacing"":true,""IsRevenueGenerating"":true,""SourceCodeAvailable"":true,""ActiveDevelopment"":true}"
Document Management Service,1,11,AppService,doc-mgmt-assessment.html,C#,10,.NET,6.0,"{""Criticality"":2,""IsCustomerFacing"":false,""IsRevenueGenerating"":false,""SourceCodeAvailable"":true,""ActiveDevelopment"":false}"
Fraud Detection Engine,1,30,ACA,fraud-detection-assessment.html,Java,11,Spring Boot,2.7,"{""Criticality"":2,""IsCustomerFacing"":false,""IsRevenueGenerating"":true,""SourceCodeAvailable"":true,""ActiveDevelopment"":true}"
Field Technician Mobile App,1,17,ACA,field-tech-app-assessment.html,C#,12,.NET,8.0,"{""Criticality"":3,""IsCustomerFacing"":false,""IsRevenueGenerating"":false,""SourceCodeAvailable"":true,""ActiveDevelopment"":true}"
Data Warehouse ETL Pipelines,1,35,AKS,etl-pipelines-assessment.html,Java,8,Spring,4.3,"{""Criticality"":2,""IsCustomerFacing"":false,""IsRevenueGenerating"":false,""SourceCodeAvailable"":true,""ActiveDevelopment"":false}"
Customer Loyalty Rewards API,1,16,ACA,loyalty-api-assessment.html,Java,17,Spring Boot,3.1,"{""Criticality"":4,""IsCustomerFacing"":true,""IsRevenueGenerating"":true,""SourceCodeAvailable"":true,""ActiveDevelopment"":true}"
Print & Mail Services,0,5,AppService,print-mail-assessment.html,C#,7.3,.NET Framework,4.8,"{""Criticality"":5,""IsCustomerFacing"":false,""IsRevenueGenerating"":false,""SourceCodeAvailable"":false,""ActiveDevelopment"":false}"
Pricing & Quoting Engine,1,14,ACA,pricing-engine-assessment.html,Java,11,Spring Boot,2.7,"{""Criticality"":4,""IsCustomerFacing"":false,""IsRevenueGenerating"":true,""SourceCodeAvailable"":true,""ActiveDevelopment"":true}"
Corporate Intranet,1,7,AppService,intranet-assessment.html,C#,7.3,.NET Framework,4.8,"{""Criticality"":3,""IsCustomerFacing"":false,""IsRevenueGenerating"":false,""SourceCodeAvailable"":true,""ActiveDevelopment"":false}"
Real-Time Trade Execution Platform,1,38,AKS,trade-execution-assessment.html,Java,17,Spring Boot,3.1,"{""Criticality"":1,""IsCustomerFacing"":true,""IsRevenueGenerating"":true,""SourceCodeAvailable"":true,""ActiveDevelopment"":true}"
