name,score,description
"Infuse AI", 50, "The application may be improved by infusing AI capabilities"
"Cost Reduction", 30, "The application may benefit from cost reduction by moving to the cloud"
"Innovation (Internal)", 10, "The application is used internally and has innovation opportunities"
"Innovation (External)", 20, "The application is used externally and has innovation opportunities"
"Dynamic Scaling Requirement", 15, "The application may require dynamic scaling capabilities that can delivered better on PaaS"
"Security Concerns", 12, "The application may have security concerns that can be addressed by modernization"
"Performance Concerns", 10, "The application may have performance concerns that can be addressed by modernization" 
"License Expiration", 10, "The application may have license expiration issues that can be addressed by modernization"
"Out of Support", 10, "The application uses an out of support framework or runtime or application version."
"Cloud Native Development", 20, "The application may benefit from cloud native development practices that are better supported in the cloud"
"Reliability Concerns", 25, "The application may have reliability concerns that can be addressed by modernization"
"Geographically Distributed User Base", 20, "The application may have a geographically distributed user base that can benefit from the global reach of the cloud"
"High number of users", 15, "The application may have a high number of users that can benefit from the scalability of the cloud"
"Hybrid Connectvity Requirement", 10, "The application may have a hybrid connectivity requirement that can be addressed by modernization"